yoyo,jessejeashi
yangjian0404,jessejeashi
huangdanlei,jessejeashi
yoyo,jessejeashi
suegersu,jessejeashi
zhenyahk,jessejeashi
timosy09,jessejeashi
shirley1023xys,jessejeashi
wumin2015,desihu
tonyyipblog,desihu
hewenda211,desihu
tomtong1106,desihu
sunyihan,desihu
timosy09,desihu
shenxiaoru,desihu
tonyyipblog,desihu
timosy09,desihu
yoyo,desihu
aimee1116,desihu
tonyyipblog,desihu
shirley1023xys,sunyihan
liyao6,sunyihan
skycathy1314,sunyihan
tomtong1106,sunyihan
huanglingyun,sunyihan
shenxiaoru,sunyihan
thomasfengblog,sunyihan
liyao6,sunyihan
desihu,sunyihan
zhenyahk,sunyihan
hyingying226,sunyihan
wumin2015,sunyihan
liyao6,sunyihan
shinnqy,sunyihan
desihu,luolixing
yangjian0404,Francis.yoyo
huanglingyun,Francis.yoyo
zhenyahk,Francis.yoyo
luolinh,Francis.yoyo
hewenda211,Francis.yoyo
yanxinwei2015,Francis.yoyo
tomtong1106,Francis.yoyo
jiashuang,Francis.yoyo
yanxinwei2015,Francis.yoyo
yoyo,scarletthui
jiashuang,scarletthui
jiangyuheng,scarletthui
yangjian0404,scarletthui
luolinh,scarletthui
jessejeashi,scarletthui
timosy09,scarletthui
zhenyahk,scarletthui
khwong,scarletthui
shenxiaoru,scarletthui
hewenda211,scarletthui
huanglingyun,scarletthui
timosy09,scarletthui
hewenda211,jiangyuheng
shenxiaoru,jiangyuheng
skycathy1314,jiangyuheng
jiashuang,jiangyuheng
yoyo,jiangyuheng
timosy09,jiangyuheng
ypzheng,jiangyuheng
wangyifei,jiangyuheng
shinnqy,jiangyuheng
hewenda211,jiangyuheng
yisongwu,jiangyuheng
desihu,jiangyuheng
huangdanlei,jiangyuheng
timosy09,jiangyuheng
yangjian0404,jiangyuheng
yoyo,SHEN Xiaoru
liyao6,SHEN Xiaoru
shinnqy,SHEN Xiaoru
sunyihan,SHEN Xiaoru
wumin2015,SHEN Xiaoru
shirley1023xys,SHEN Xiaoru
tomtong1106,SHEN Xiaoru
ypzheng,SHEN Xiaoru
liyao6,SHEN Xiaoru
yisongwu,SHEN Xiaoru
liyao6,SHEN Xiaoru
yisongwu,SHEN Xiaoru
jiashuang,SHEN Xiaoru
liyao6,hyingying226
huanglingyun,hyingying226
wumin2015,hyingying226
shirley1023xys,hyingying226
sunyihan,hyingying226
shenxiaoru,hyingying226
skycathy1314,hyingying226
liyao6,hyingying226
zhenyahk,hyingying226
tomtong1106,hyingying226
liyao6,hyingying226
yangjian0404,hyingying226
thomasfengblog,yisongwu
wumin2015,yisongwu
hyingying226,yisongwu
sunyihan,yisongwu
shenxiaoru,yisongwu
rachelzcy,yisongwu
luolinh,yisongwu
thomasfengblog,yisongwu
shinnqy,yisongwu
huanglingyun,yisongwu
wumin2015,skycathy1314
tomtong1106,skycathy1314
aimee1116,skycathy1314
zhenyahk,skycathy1314
luolinh,skycathy1314
shirley1023xys,skycathy1314
rachelzcy,skycathy1314
hyingying226,skycathy1314
aimee1116,shirley1023xys
liyao6,shirley1023xys
ypzheng,shirley1023xys
skycathy1314,shirley1023xys
liyao6,shirley1023xys
desihu,shirley1023xys
wumin2015,shirley1023xys
hyingying226,shirley1023xys
sunyihan,shirley1023xys
liyao6,shirley1023xys
suegersu,lynnsl
geehublog,geehublog
desihu,geehublog
1967huanglingyun,zhuxuanfiona
wumin2015,zhuxuanfiona
supergrubby,zhuxuanfiona
supergrubby,zhuxuanfiona
timosy09,wumin2015
hyingying226,wumin2015
aimee1116,wumin2015
skycathy1314,wumin2015
suegersu,wumin2015
zhenyahk,wumin2015
shenxiaoru,wumin2015
sunyihan,wumin2015
suegersu,wumin2015
luolinh,wumin2015
rachelzcy,wumin2015
annie2020,wumin2015
1967huanglingyun,tidetam
ypzheng,tidetam
wumin2015,huanglingyun
jiashuang,huanglingyun
timosy09,huanglingyun
hyingying226,huanglingyun
tomtong1106,huanglingyun
timosy09,huanglingyun
ypzheng,huanglingyun
yanxinwei2015,huanglingyun
wudi2016,wudi2016
zhenyahk,timosy09
desihu,timosy09
huanglingyun,timosy09
ypzheng,lydialiublog
thomasfengblog,liyao6
shirley1023xys,liyao6
aimee1116,liyao6
hyingying226,liyao6
sunyihan,liyao6
thomasfengblog,rachelzcy
yoyo,rachelzcy
wangyifei,rachelzcy
yangjian0404,rachelzcy
luolinh,rachelzcy
annie2020,rachelzcy
khwong,rachelzcy
ypzheng,rachelzcy
suegersu,rachelzcy
huangdanlei,rachelzcy
huangdanlei,tonyyipblog
thomasfengblog,tonyyipblog
thomasfengblog,tonyyipblog
yoyo,shinnqy
hyingying226,shinnqy
jiangyuheng,shinnqy
sunyihan,shinnqy
khwong,shinnqy
wumin2015,shinnqy
huangdanlei,shinnqy
aimee1116,ypzheng
yoyo,ypzheng
ctksite,ypzheng
yoyo,ypzheng
rachelzcy,ypzheng
scarletthui,ypzheng
luolinh,ryanxzs
wumin2015,ryanxzs
khwong,ryanxzs
ctksite,chenyouyang2
annie2020,chenyouyang2
ypzheng,chenyouyang2
aimee1116,ctksite
annie2020,ctksite
thomasfengblog,ctksite
thomasfengblog,ctksite
ypzheng,ctksite
zhenyahk,jiashuang
wangyifei,jiashuang
scarletthui,jiashuang
yangjian0404,jiashuang
Seth Grimes,jiashuang
scarletthui,jiashuang
wangyifei,jiashuang
yanxinwei2015,jiashuang
huanglingyun,jiashuang
yoyo,jiashuang
scarletthui,jiashuang
yanxinwei2015,jiashuang
yoyo,wangyifei
jiangyuheng,wangyifei
yangjian0404,wangyifei
tomtong1106,wangyifei
aimee1116,wangyifei
jiashuang,wangyifei
yangjian0404,wangyifei
yanxinwei2015,wangyifei
rachelzcy,wangyifei
zhenyahk,ninjiazhao
scarletthui,ninjiazhao
wangyifei,ninjiazhao
zfansite,khwong
zfansite,khwong
yoyo,lomicoverjing
annie2020,lomicoverjing
wdan91,lomicoverjing
timosy09,lomicoverjing
wdan91,lomicoverjing
annie2020,lomicoverjing
timosy09,lomicoverjing
ctksite,lomicoverjing
aimee1116,shorieyu
wangyifei,shorieyu
suegersu,shorieyu
yanxinwei2015,shorieyu
yoyo,shorieyu
wangyifei,shorieyu
jiashuang,shorieyu
desihu,shorieyu
aimee1116,shorieyu
rachelzcy,shorieyu
sunyihan,chenjiaxibupt
rachelzcy,chenjiaxibupt
jiashuang,chenjiaxibupt
huanglingyun,chenjiaxibupt
zhenyahk,thomasfengblog
khwong,thomasfengblog
wumin2015,thomasfengblog
zfansite,thomasfengblog
yoyo,thomasfengblog
yanxinwei2015,thomasfengblog
zfansite,thomasfengblog
aimee1116,thomasfengblog
rachelzcy,thomasfengblog
zfansite,thomasfengblog
hewenda211,wxy82987
lynnsl,wxy82987
luolinh,wxy82987
ypzheng,wxy82987
tomtong1106,wxy82987
rachelzcy,SUEGERSU
yangjian0404,SUEGERSU
